Ref_Motion_Blur_Magnitude,Ref_Motion_Blur_Direction,Current_Motion_Blur_Magnitude,Current_Motion_Blur_Direction,SSIM_u,SSIM_v,SSIM_exx,SSIM_exy,SSIM_eyy,PSNR_u,PSNR_v,PSNR_exx,PSNR_exy,PSNR_eyy
5,0,5,0,0.9946171044796857,0.9997858402324132,0.9997907916508703,0.9999475959932176,0.999958793000541,48.15180184744871,56.29423404810907,60.39210712749994,67.3807919294722,69.30210898048914
5,5,5,5,0.9941312603965666,0.9997652086200213,0.9997530999166848,0.9999421404687456,0.9999519139182745,47.66208272625042,55.68780170793592,59.565968256067904,66.87747163262648,68.25840334266753
5,15,5,15,0.9940359996232473,0.9996908297073851,0.999767902684869,0.9999334471416808,0.9999385627961059,47.406597775532646,54.23046846240563,60.063663979278545,66.2620728987191,67.0638989765238
5,30,5,30,0.9939566382397581,0.9994680391329264,0.9997550825510003,0.9999201942387302,0.9998958124642172,47.20301584881818,51.92345582772064,59.95405966044345,65.47202175872307,64.38577299189888
5,45,5,45,0.9956782571849081,0.9992609302227883,0.9998147021449475,0.9999171127532459,0.9998603362970729,48.57312795509792,50.113463546369815,61.5254331232109,65.22625084830827,63.159786270873624
5,60,5,60,0.9966120109016118,0.9989837840517976,0.9998580431716074,0.9999175324818023,0.999808403096595,49.41783890422856,48.6750376794241,62.0628808255936,64.6734071491118,61.5611927092219
5,75,5,75,0.998316099959059,0.9989587051015063,0.9999265114779637,0.9999298323653244,0.9998062704079966,52.44675419654272,48.63934040597121,64.46452460087501,65.17884772809505,61.30424487975938
5,85,5,85,0.9990912977735281,0.9989539932647176,0.9999510495709477,0.9999401055468488,0.9998024980508815,55.2834837864609,48.50283011266651,66.119872085981,66.00817663671477,60.880115603300354
5,90,5,90,0.999143812900856,0.9989756125943758,0.9999580780962926,0.9999427645099989,0.9997942098362098,55.20828811728173,48.839030931290786,67.22420915433018,66.791609411875,61.08560070498886
10,0,10,0,0.9852856206472209,0.9993847613131109,0.9992827196088324,0.9997987677895723,0.9998782707118974,43.032308938022226,45.04899270566388,55.41665953546313,61.378899183904196,63.95085677866659
10,5,10,5,0.9850267517437743,0.9993186245155241,0.9992006801067363,0.9997964095966729,0.9998628040606716,42.90215582539411,45.1632707545749,55.07276985285583,61.4515510447596,63.26771898687503
10,15,10,15,0.9857558344664348,0.9989350403755323,0.9991510012110248,0.9996643246295233,0.9996708584290902,41.88246693950391,32.42119845373612,46.15957248339462,46.217686270301634,45.92041633693469
10,30,10,30,0.9876752089253845,0.9984977421668022,0.9993358581789028,0.9997681336342936,0.9997037728084891,43.90841612965454,44.34897089030536,55.68076904077242,60.89271370052927,60.05343967702104
10,45,10,45,0.9895540292948591,0.9977550721690206,0.9994881045736379,0.9997629710313163,0.9995786825979037,44.74175546536703,43.70237863047295,56.79246834833969,60.429863967279175,58.72257733773155
10,60,10,60,0.9918742419077047,0.996762536574465,0.9995239885599835,0.9996057920243907,0.9992464087234412,44.05002141366549,32.28202309048839,46.391216962067254,46.167430675137496,45.799576370801056
10,75,10,75,0.9955225093295665,0.9962494427803041,0.9996926220595325,0.9996339328535891,0.9991025649014367,45.23312482224894,32.15804183189547,46.55505000467584,46.16177261186576,45.671001439124396
10,85,10,85,0.9975438618896133,0.9958116194738227,0.9997365761381892,0.9996122041486687,0.999099879894249,46.40372837676636,32.14055875575085,46.60124972805321,46.13892228861238,45.63222598619075
10,90,10,90,0.9973810082859889,0.9958733683972988,0.9995993964384854,0.9994872455903887,0.9989912215711738,45.89001781794083,29.40282389825823,43.66178483504272,43.52270357057769,42.81346471516679
15,0,15,0,0.9756209525889211,0.9990611012102117,0.9985876754361124,0.9996204685292588,0.9997946324296783,40.8847097397196,48.075225955968094,52.34276748146263,58.55485942779781,61.660659179825295
15,5,15,5,0.9746729061403656,0.9989367110678009,0.9985051382277075,0.9996042405637379,0.9997732631815266,40.70065833509793,47.89916840984163,52.11458700631596,58.572463511664914,61.118957171539805
15,15,15,15,0.9741845846136592,0.9982849407610768,0.99841569620361,0.9995559984528635,0.999593833158558,40.342151203310834,46.26709003821819,52.21131451378581,58.145844144850265,58.38345175693155
15,30,15,30,0.9792752458525961,0.997383325321084,0.998726194887409,0.9995797903372493,0.9994687860586614,41.663284617459055,44.92744511655875,52.911106519117006,58.34104470548076,57.455528101181905
15,45,15,45,0.9807317028541646,0.9953540899539158,0.9989207883945578,0.9995199437713104,0.9989799695045681,42.29054917672055,42.34028153792366,53.706567849213094,57.77731488652154,54.83789309864384
15,60,15,60,0.9891644439479965,0.9939945148910359,0.9994359699122132,0.9994964414494185,0.998655075385699,44.28539167172718,40.93319300573199,56.693599139860645,57.10600849031429,53.57684200998352
15,75,15,75,0.9933433682025808,0.9923292921865836,0.9993157719116939,0.999258368483224,0.9979977275506114,43.456460854482835,29.29976336336717,43.509269491185655,43.43980244744927,42.63074085258499
15,85,15,85,0.9963792867072118,0.9921717257874029,0.9994873420623875,0.999241700547562,0.9979139793881137,45.306342892099785,29.204774434091156,43.6203689838894,43.43539625626154,42.461495394823096
15,90,15,90,0.9956633876604455,0.9926279782493566,0.9995318268990423,0.9992464956080415,0.998046917268875,44.753077528583766,29.187237034998464,43.65195295840436,43.420957159280455,42.50331142698356
20,0,20,0,0.9648832632604946,0.9984193214614624,0.9973209380020244,0.9990508403912266,0.9994069277015061,38.15584695622264,29.45620307754561,42.91672969906966,43.357971713020916,42.95448725286612
20,5,20,5,0.9633652056671193,0.9982246923754186,0.9974026171912446,0.9991893464296925,0.999491133405291,38.0564750943764,32.26560776364477,45.14731613351735,45.919085878686744,45.791482187599605
20,15,20,15,0.9608261073276004,0.9964027590563895,0.995739187898816,0.9979994356717723,0.9981561979650228,37.24446481077075,21.867649218987673,36.161453512382934,36.64708890520734,35.933824444439665
20,30,20,30,0.9654225811894528,0.9947928134890253,0.9969063079260986,0.9984269202002033,0.9982668664254556,38.37571842176028,23.98288976667577,38.4182747047172,38.79614672375017,38.091877910204715
20,45,20,45,0.970375882550986,0.9923187702031924,0.998042717037383,0.9989512032488244,0.9982372966432755,39.539776857660655,31.905651618266766,45.42423175106115,45.872087204867896,45.27914807065812
20,60,20,60,0.9822478598796142,0.9892902618488553,0.99884069639848,0.9989172033913916,0.9973484865302135,41.18036861996136,31.42530265311666,45.976017159024885,45.81582833677917,44.870839897585945
20,75,20,75,0.9902312202102668,0.988461440395642,0.9991865275813142,0.9989197826867118,0.9969153189728891,42.852822282344206,28.967086919880053,43.45162977002002,43.29345198497222,42.318831766618025
20,85,20,85,0.9935111475989392,0.9883529441417745,0.9993960383558835,0.9989070706465825,0.9968487960535428,44.16766722199732,28.85594196174312,43.57008781719418,43.33620451806381,42.157451734283214
20,90,20,90,0.9939744625491818,0.9887475640674842,0.9993150884135579,0.9988313810033735,0.9969735322719986,43.601696169109275,27.370807503507805,41.91405127724849,41.74997751495434,40.6773384906178
25,0,25,0,0.9487675328570109,0.9981021803309801,0.9957215454807208,0.9987082572939727,0.9992820284826833,36.08557471092138,29.477928356834543,42.22904066637459,43.22882130848,42.88188197122974
25,5,25,5,0.9536071779358236,0.9976761640962969,0.9964218493526773,0.9988312040743551,0.9992191085015085,36.64324933756153,29.482755276042397,42.497139429392625,43.290671532457935,42.87636707045089
25,15,25,15,0.9432907383189808,0.9959154095672622,0.9942254248646081,0.9978012120185127,0.9982289996768525,35.634616455044835,22.782160564326762,36.86452495030518,37.59841741743688,36.90061024859946
25,30,25,30,0.9539747850967499,0.9938493826906438,0.9964723185174001,0.9985588601875156,0.9984436076166912,37.07447896782647,29.226967136728135,42.37327011263082,43.255204227079005,42.6533960837113
25,45,25,45,0.9604939754101958,0.9888352732959288,0.9969338221826335,0.998229043163725,0.9971769966812272,38.36270957786444,29.073163518008613,42.85990027000167,43.33444068628942,42.38029563814996
25,60,25,60,0.9770543757791674,0.9863811404517407,0.9985264262928452,0.9986198682231631,0.9965512905476271,41.127767066958754,31.30763984248548,45.7848777195348,46.05210986244011,44.523648535058726
25,75,25,75,0.9885586533233022,0.9836212325313899,0.9989478515923518,0.9982978246787697,0.995370549058635,41.87526473492554,27.206668072837775,41.76905317961425,41.62282767008142,40.4152261328352
25,85,25,85,0.9929157133093613,0.9855544373217625,0.9993151674916786,0.9986326802778477,0.995929724532369,43.794142231172,28.697879759678308,43.560341451619934,43.24016745765935,41.785981847156634
25,90,25,90,0.9937600395989681,0.9836884867117558,0.9992615304699151,0.9984145597427075,0.9954564702247735,42.960362224920345,27.200246952052467,41.909103761927625,41.668691976771335,40.31960723400394
30,0,30,0,0.9314360975374,0.9977319427293789,0.9940387248792892,0.9982966754497524,0.9991221906883115,34.34495048868171,29.229437078186606,41.525742394872935,43.076701516890054,42.782666283375754
30,5,30,5,0.9342782321172386,0.9971078863443861,0.9943424739880049,0.9982826934119369,0.9990500654577266,34.62997517652272,29.26351955424324,41.544274544887756,43.076004321773105,42.795280758727976
30,15,30,15,0.9216611145762555,0.9949571440840983,0.9919636493319473,0.9974016510981955,0.9982106085882172,33.61949115437557,24.168006882820798,37.67282873010632,38.645865914802904,38.150691749354344
30,30,30,30,0.9359815544302114,0.9903683360318881,0.9940290278119067,0.9976710832847026,0.9975882081274098,35.00711057354203,27.35486144414025,40.3857133890179,41.387761104661685,40.85251803272004
30,45,30,45,0.955067211606104,0.9862134622565312,0.9965265683824108,0.9979825515937979,0.9966053868452335,37.33876659763317,28.929238913591945,42.69208645720576,43.01980792197781,42.308471386480484
30,60,30,60,0.9701383973802891,0.9812159596543337,0.9981057482582141,0.9981774411007255,0.9953357604470672,39.92203090180339,35.18414586394974,51.80547390553958,51.53525988740078,48.25851803796414
30,75,30,75,0.9834011838538487,0.9771506920718335,0.9986749647200664,0.9977532445622406,0.9939027336492179,40.97458497197568,26.923982368517876,41.712327415683,41.416334176856594,40.13858310006209
30,85,30,85,0.9901823365682505,0.9806801451095111,0.9991800530083546,0.9982469962681735,0.9945705677260901,43.34632203421465,28.363029640697054,43.488717309965566,43.11349810929458,41.46676501976988
30,90,30,90,0.9928072216468389,0.9791552954191928,0.9992175266066349,0.9981719472065805,0.9942481046931981,42.44632802415318,26.944552462114522,41.91852549956831,41.60006248547614,40.051216640622236
35,0,35,0,0.9192122555713695,0.9972445463605069,0.9925371934343697,0.9977462136780374,0.9989260370007573,33.16288579026941,29.178966813994982,40.921417399160454,42.84857269566593,42.64740812348375
35,5,35,5,0.9118233602825615,0.9964609728915105,0.9914594987401877,0.9975666988387634,0.9988084052826646,32.82463024920098,29.244446645987303,40.486957747130184,42.787912292406176,42.70568960763519
35,15,35,15,0.9047157609529992,0.9940178013712929,0.9895105831604848,0.9964793261226961,0.9976864072237378,31.75223650964692,22.110290212977034,36.00328572140266,36.939038665894586,36.33323017160406
35,30,35,30,0.918997708194112,0.988159871009604,0.9915142363673709,0.9973634195803656,0.9969802003909979,33.50209200894433,28.778776048544966,40.55770336073305,42.70806402828893,42.17244427595206
35,45,35,45,0.9384661768701085,0.9815453346972064,0.9952334346832957,0.9973580185710336,0.9956613354011757,35.78468581980013,30.724285770904388,44.053670132226124,45.26324233325653,44.00300378621283
35,60,35,60,0.9628311920642757,0.9765002136430023,0.9971647343934826,0.9972439237469736,0.9938404661062507,37.90009022189933,26.74063543698071,41.40508280407615,41.309123878674725,40.19604250905466
35,75,35,75,0.9818120819352967,0.9744391968560353,0.9986146557586771,0.9973616523199078,0.9933909973576082,40.62461153023662,26.741711492110618,41.69489125773701,41.26250971512167,40.03289336358799
35,85,35,85,0.9898237024228008,0.9735950790629265,0.9990994407261906,0.9973954818963489,0.9925675149246039,42.80074721621234,27.73687191662615,43.48237083483738,42.74426894039352,40.642491147811825
35,90,35,90,0.9928402396644781,0.9729725065634423,0.9991494484098626,0.9973424579022571,0.9924677313167543,41.871754150788135,26.482920506832663,41.89001086738121,41.34023339494278,39.57780440374699
40,0,40,0,0.8972441801938414,0.9964637276789569,0.9905398498363871,0.9966171678402928,0.998405959838312,31.893374640628892,26.247084455157736,39.1259139305498,39.97926211584124,39.73944573535762
40,5,40,5,0.8938122400309189,0.9948461755894329,0.9892058004109217,0.9961403917016796,0.9978210429485393,31.930598513335834,22.98744041962234,36.34981761628157,37.27704652502146,36.89791683614028
40,15,40,15,0.8903321541790654,0.9922621709291773,0.9873938250451848,0.9953126312202555,0.996789375944049,30.47369738785994,20.60077774409025,34.47628276275797,35.32437477872187,34.776620387210585
40,30,40,30,0.8970665515792193,0.9836528935459716,0.9879848866662286,0.9956033598702032,0.9953293098522193,32.19464605788674,23.87506191624891,36.280391214538085,38.027176793374444,37.23169334705626
40,45,40,45,0.9177674878383598,0.9739104052354682,0.9924677642973694,0.9961552258806463,0.994027445281212,33.818135574016694,26.83410865130121,40.24868208164143,41.0465443033447,40.348192311052244
40,60,40,60,0.9562926824399612,0.9694671315475386,0.996364613541441,0.9965082012303345,0.9922356473017803,36.45417026545633,26.418227399348126,41.21620436986512,40.94565240521247,40.04813235561745
40,75,40,75,0.9772690265190472,0.9668313444176782,0.9978908372445903,0.9964429651416409,0.9911003212340405,39.39309802565291,24.003606431591862,38.84179405159438,38.412481098941626,37.32922383916786
40,85,40,85,0.9859563210385123,0.9678868846848724,0.9987558562926427,0.9968866200475563,0.990982292245791,41.30556320443105,26.311703450331485,41.73081223617881,41.276821431629514,39.30174384972946
40,90,40,90,0.9923468117666343,0.967366389419401,0.9990759829825911,0.9970074448129893,0.9913516907809979,41.44297876165901,26.375371088467073,41.8840915324641,41.35440785671922,39.49538162876291
45,0,45,0,0.8787164100081961,0.9956348802887793,0.9878357865404557,0.9953827485781065,0.9979850348021836,30.242147250148818,25.228552892130995,37.941519374828154,38.84166407041822,38.74930711923483
45,5,45,5,0.8812635190281749,0.9934044507574368,0.9867898631820319,0.9945046701656075,0.9967170531742706,30.716458675880514,20.342990686858045,34.047818842717994,34.94213698277373,34.48494887455327
45,15,45,15,0.8725075688524281,0.9905015379944685,0.9846454014552597,0.9940660188740689,0.9959947079695086,29.4131530075665,20.31180065386158,34.05421428234777,34.927204633819606,34.45223034865055
45,30,45,30,0.8892020980799724,0.9821506768210617,0.9873097435123078,0.9954665935894396,0.9951731134986639,31.53572897193708,24.987471019873837,37.262719117550645,39.19376244606194,38.45019509764711
45,45,45,45,0.8909492342484864,0.9645742008597904,0.9899154276674723,0.9950606967164757,0.9914206829337882,32.48769207241358,26.323473196770607,39.80592663784754,40.84276714224404,39.82317340018075
45,60,45,60,0.9468841549532451,0.9634769484400942,0.9957143490350631,0.9958870977489618,0.9911603800367418,35.85581849919572,26.00446519105998,41.08100384407958,40.870822258197904,39.73444188632981
45,75,45,75,0.9747852333037526,0.9607631446710114,0.9978539565149691,0.9958269908129124,0.9897947968924432,38.972164869514394,24.360962261755535,39.5848958147983,38.96461422482165,37.6877783676478
45,85,45,85,0.9850502339479095,0.9639453441733324,0.9986222889871945,0.9959515658785266,0.9896459135386156,40.65921624272451,25.88603813497851,41.699747001425855,40.88748759776283,38.885502532188866
45,90,45,90,0.9925716450323029,0.9631345295369074,0.9990233208324593,0.9962742773327035,0.9900483017419605,41.32041472411531,25.843516684943843,41.860239146071905,41.08538538766852,39.03339668368916
50,0,50,0,0.8559338683124288,0.994761680883325,0.9843105226862507,0.9938246075283961,0.9975383294614026,29.341829895543103,23.974825146449213,36.888517796039594,37.97413941543469,37.92482037516318
50,5,50,5,0.8583938772118039,0.9915338851432358,0.9825502270924462,0.9925079854025568,0.9956439025300753,29.471049361705234,18.797941733015776,32.6794926846491,33.61923357605824,33.12385643322134
50,15,50,15,0.8595303746699985,0.9890882333262052,0.9834673433179772,0.9933448507738555,0.9955912193215971,28.326531452903826,20.496556807306888,34.37046805904879,35.52829945122562,35.204448114246524
50,30,50,30,0.8607312214829943,0.9762902160578173,0.9829842536873328,0.9934173175685618,0.9926424765232303,30.32888545126951,21.62648297396148,33.958891804123034,35.77388566735496,34.898106526097045
50,45,50,45,0.8843897126071071,0.9612488172573016,0.9891733626447354,0.9947784131982611,0.9905528312656183,31.95371557868176,26.214046008938148,39.539245798052164,40.812999068804885,39.79013422595067
50,60,50,60,0.9360497311544325,0.9536091894304032,0.9948877767632955,0.9951235057749073,0.9887816457102515,34.903193278358955,25.682261230861098,40.86564872305664,40.67261871602263,39.41635640719063
50,75,50,75,0.9724463890108088,0.9572798591991826,0.9977278555048253,0.9953203844196896,0.9893750103250729,38.41243371188861,24.785365861286103,40.33462145514325,39.57200846776735,38.37501239952974
50,85,50,85,0.9820646256692236,0.9595243012165531,0.9984990312005508,0.9959105748457197,0.9892101559066853,39.66152639324074,25.839968751972467,41.66943739634844,40.989515530014415,38.930188573951305
50,90,50,90,0.9921580471815867,0.9549197923698071,0.9988681714388207,0.9958267294445522,0.9883698001162539,40.398577965464916,25.193419978000556,40.62314599785576,40.06062675432705,38.424785264668046
55,0,55,0,0.8451190526955723,0.9934475573941907,0.9822376855519805,0.9924355195760067,0.9966555401559933,28.472063025331032,21.763075160056925,35.139921992757664,35.93070840348852,35.76441990813278
55,5,55,5,0.8344303574623761,0.9901321315988797,0.9790476830699424,0.9903907920455498,0.9948283695106257,28.145127586898752,17.875557884860584,31.784661721068996,32.782307865279286,32.296256174004114
55,15,55,15,0.8504283271661033,0.9870886719765023,0.9823618218311402,0.991631901924093,0.9942245488008046,27.813744869700837,18.492774619304434,32.76164923907453,33.63802092838298,33.232558237964156
55,30,55,30,0.8301832287160786,0.9693667160335688,0.9787835090379371,0.9915762001831362,0.9907920896080339,28.974702656306818,21.93814463786254,33.81088454846255,36.06225212299792,35.15609935361202
55,45,55,45,0.8665290371902703,0.9533077155871789,0.9867319517114941,0.9936597375154348,0.9881667614909614,30.624486801036493,25.656827088322544,39.21470680535723,40.51647685057731,39.236217332452924
55,60,55,60,0.9180016809423414,0.9401092710483104,0.9928482198041058,0.9937993904466996,0.98629299729938,33.66554345097262,25.266347417848895,40.437589910697056,40.38393731772166,39.22412977359796
55,75,55,75,0.967557651311989,0.9496406687956572,0.997054869798039,0.9942909633850723,0.9874945792719608,37.32938786418876,23.25205854609695,38.73902496702631,37.90457319465346,36.766126987521275
55,85,55,85,0.9812458252170043,0.9486633515333951,0.998216579724516,0.9942062962432636,0.9854299710278921,38.84573741450693,24.496826705513467,40.46953201862439,39.46809518814387,37.60339618864368
55,90,55,90,0.9910958369600443,0.9489742709454977,0.9987072695536752,0.9950385941990015,0.9869317099106774,40.10464237874381,24.756005018766807,40.611410368943,39.932496979284366,37.983559904919225
60,0,60,0,0.8188398878163462,0.9918897604322382,0.9769673933542994,0.9901682236462057,0.9956562910681513,27.352100905871687,19.68758936623959,33.14526605410515,34.42772043176316,34.037529958211906
60,5,60,5,0.8105043411516205,0.988506275952298,0.9759269914440459,0.988801255891068,0.9941703564825841,27.26683383155602,17.53986736902664,31.32207341899845,32.37855511024786,31.929435907029973
60,15,60,15,0.8223005485829974,0.9849398120265687,0.9793706180048197,0.9904787145088871,0.993868684615836,27.006206228237943,18.82956873949572,32.96977965010513,34.032655249072256,33.71220325212045
60,30,60,30,0.8083262777735002,0.9628433044032688,0.9754021089886212,0.9902343095723523,0.9891951549655383,27.975780278190694,21.699887264934823,33.16161018955465,35.60249331533142,34.82622278895393
60,45,60,45,0.8370341409137669,0.9389741900185495,0.9832285596716412,0.9917703613659878,0.9842101080144856,29.024953782578816,24.94880233339775,38.46389117962636,40.07642239221979,38.67833634300142
60,60,60,60,0.907269989746654,0.9296629774751355,0.9911264492598755,0.9921989230118777,0.9841172299914916,32.69067388922183,25.62636324865146,40.87146272992044,40.8988903754538,39.791492000675134
60,75,60,75,0.9617197211268094,0.937178397185052,0.9963850292082138,0.9927330822856255,0.9840070783074004,36.64352527825944,22.671835866434087,37.87048949816998,37.25433659469141,36.364997805231724
60,85,60,85,0.9771136745875554,0.9364232193105482,0.9978055585754626,0.9928816891198786,0.9831650937679447,38.532349553252715,23.605646478698354,39.49795704440462,38.74046482792289,36.91458378586307
60,90,60,90,0.990498310766924,0.9427925138493537,0.99858803739922,0.9944331880878556,0.9858491136464845,39.54293411433956,23.938155362693806,39.673178012516416,39.01699541464787,37.420130716321836
65,0,65,0,0.7974210842077991,0.9912178716754144,0.9746720564494475,0.9894648286632213,0.9953922143585062,26.82954508091161,20.237601825694593,33.55990333251066,34.92865788106656,34.602977155113855
65,5,65,5,0.7921098681705723,0.9884722023357829,0.9741639056752257,0.988499486703816,0.9947155662145659,26.481208203083895,19.367188540431076,32.63892439890615,33.68960470192463,33.557647587464295
65,15,65,15,0.8083567375165819,0.9831789901578326,0.9772115220364349,0.9894846972795827,0.993015540218754,26.621063960013597,18.86779533245615,32.31471240733029,33.47596619424423,33.21561347109618
65,30,65,30,0.7935954739865668,0.95972798543364,0.9725197955650885,0.9894591140343211,0.9886004459265096,27.495718281932007,21.490390090089537,33.224203149858944,35.58187839603593,34.64589444133681
65,45,65,45,0.8105478976469525,0.9236738085665698,0.9799126469313028,0.9895473824525971,0.979945824260431,28.507295065349606,24.034833884459893,37.655645784401,39.09946892041896,37.66261260681825
65,60,65,60,0.8948096457744753,0.9181963380075099,0.9898562360820397,0.990980604384852,0.9801443866770859,31.95484316469035,25.818486422657408,41.71759826331189,41.91716222667694,40.116522171199556
65,75,65,75,0.9566171949594244,0.9353873669450218,0.9961054884954718,0.9923146083808242,0.9834856357754131,35.8559680546481,22.87389354888843,38.644578855160546,37.585121893877435,36.61652875496368
65,85,65,85,0.9747484949253981,0.9299070224006367,0.9974394477176594,0.9920539093439024,0.9808268577788691,38.16371405605911,23.467000404138993,39.39253104969471,38.50389131106466,36.885423090557744
65,90,65,90,0.9893901889208184,0.9324121467093269,0.9984752015217314,0.9932279232273517,0.9818324963418625,39.28450144430976,23.500431288835376,39.665077134350184,38.75788790013245,36.75763294123802
70,0,70,0,0.785517327785404,0.990328173985293,0.9729643485569496,0.9886140257071085,0.9950004199130953,26.63990706817573,20.531293063057404,33.72844325256836,35.19805537764432,34.84971634700087
70,5,70,5,0.7796538985382986,0.987144974248495,0.9724807150046687,0.9884969780188566,0.9943420797296844,26.08360695342922,19.312323611786194,32.41093187621256,33.74048539039965,33.52424625651095
70,15,70,15,0.7854352977181095,0.9795067792150316,0.9720148658126773,0.9860996034755602,0.9905389359361428,25.287063538233298,16.795422118192366,30.42645379248591,31.666253164154845,31.44141801781157
70,30,70,30,0.7823041028460141,0.9553083726684262,0.9712744903179821,0.9882097812893721,0.9868654656932384,26.46533448518829,21.229139262888225,32.485018580756716,35.09649744730211,34.28491139272338
70,45,70,45,0.7913114949531034,0.914486850728837,0.9768046765708293,0.9878010616541452,0.9777649560571534,27.756106236886882,24.370110532557007,37.76202071900413,39.39590768239876,38.068455863957624
70,60,70,60,0.8768397318552841,0.9053508003272971,0.9885806261255129,0.9900881926014832,0.9772768522858016,31.20950070446351,24.92340199368289,41.48035554635864,41.46866443138089,39.30951955804745
70,75,70,75,0.9489923199282175,0.9200007704025965,0.9955832625916079,0.9905797012409979,0.9791034096921097,35.42629746728285,23.575049674829252,39.65284739023818,38.55300994412779,37.6828654849467
70,85,70,85,0.9711420302010133,0.9247710633406248,0.9970820065844872,0.9911835130408724,0.9793091234578778,37.738932856246464,19.351579239615845,37.507880020138295,36.8032985200229,34.12030726926282
70,90,70,90,0.988436823784457,0.9200975361621476,0.9981052830166182,0.9920054628697539,0.9755809560910845,39.05641207709951,19.652614096020624,38.19070988116564,37.5054039709872,34.10539646259871
75,0,75,0,0.7650200586307007,0.9889915292426936,0.971616830949064,0.9877442014796087,0.9943657924895014,26.242285237767543,20.529132935498318,33.531874232968796,35.180949886551225,34.77305884298443
75,5,75,5,0.7529605009815115,0.986126784005674,0.9684340898839559,0.9871638254914111,0.9940712932993837,25.329035254255704,19.205514447653968,32.29284145083255,33.71913721762747,33.53260678737428
75,15,75,15,0.745315403330614,0.9742641737239526,0.9627788763716969,0.9830933786953154,0.9884992974281224,24.774937583189427,15.423013308044276,29.71102897141563,30.765494863743363,30.524202546914708
75,30,75,30,0.7502601307359885,0.945917882027351,0.9668354934452799,0.9856965200751705,0.9834238594145028,24.97356401594893,18.764045622703883,30.539170913602582,33.30334344574829,32.75938567620766
75,45,75,45,0.779227738732923,0.9072099400875782,0.9754048941581676,0.9863387383588416,0.9754026124816241,26.965430707722348,22.18838901778094,36.48946748853761,37.42172236333816,35.945358099767425
75,60,75,60,0.8647082152979881,0.8916941326539568,0.9861476479249928,0.9877957980320672,0.9728506228908985,30.398954630372586,24.08666810809637,40.56402484303656,40.66578073020523,38.50525924358569
75,75,75,75,0.9424115099681073,0.9032506987606834,0.9946545838598255,0.9883697099913975,0.9721730282544397,34.5874328868013,22.00076984654061,38.00614397883284,37.045004777595246,35.62455367482195
75,85,75,85,0.9637033864137375,0.9074899056098837,0.9959769639317225,0.9871552641171121,0.970092744502414,36.579230413760214,15.756477373313471,35.7475478036038,34.92986919108568,30.628829081078315
75,90,75,90,0.9827576215763077,0.905090324619673,0.9933526681512308,0.9853973577327909,0.9615341501186868,37.12230308080831,9.332990484255548,29.48510581949034,29.382894895215493,24.756869417649952
80,0,80,0,0.739211376046797,0.986946242889761,0.9654005450869382,0.9850959537457485,0.9931946208694648,25.08788404700107,19.45732495081054,32.01235227405522,33.88880060605492,33.597344621726755
80,5,80,5,0.7237801672152229,0.9839933485401983,0.9591966721813848,0.9843684532778987,0.9930262697972763,24.567938654150975,18.553054332393202,30.902616092754837,32.62841575867233,32.63839955828735
80,15,80,15,0.7300632565503801,0.9728356007338638,0.9595893302190881,0.9820929088833403,0.9881793603197975,24.35788253726845,17.057260048825526,30.344338546601097,31.619852275728533,31.54197119497017
80,30,80,30,0.7189203856314111,0.9345631696366431,0.959027150741227,0.9828778103812603,0.9806590526163593,22.570003301066176,17.964032911732424,29.08516214999384,32.778406994035876,32.34001749547693
80,45,80,45,0.7490037389981999,0.8846851566759993,0.9673124505346994,0.982384173997249,0.9700087298497686,26.005359356124735,23.101515656096172,36.54479682537356,38.668067307241174,36.75536885304639
80,60,80,60,0.8311286222330103,0.8680907776356241,0.982799559100584,0.9852222624286119,0.9646952568328607,28.90775634681936,22.356146591252852,38.259018288027754,38.53559782930421,36.16782728631543
80,75,80,75,0.9220467313028593,0.8825653583800472,0.985588201871417,0.9768235132590268,0.9533656767818338,26.73569194279708,7.146755154007884,28.01899447955417,28.309715134597354,22.45912704724141
80,85,80,85,0.949107312797636,0.8770857237489309,0.9868478390756481,0.9736819221986676,0.9480734603656684,33.19778317443299,6.607901623384551,26.828306281139568,26.59030468647601,22.19884626466197
80,90,80,90,0.9733741708176623,0.8827328494879298,0.9850682596748729,0.9734720953343402,0.9439944098853217,34.99575297665962,4.621521899121191,25.596555679538646,25.166772259540167,19.784483669267242
85,0,85,0,0.7141546793696706,0.9853362013951228,0.9605405304292087,0.9838971047824061,0.9923073943013622,24.760410087895277,19.088979870886888,31.89178671991239,33.73130605353995,33.389171435533164
85,5,85,5,0.6999049173251294,0.9831322462026751,0.9540627285229594,0.9828377794900209,0.9929724898029206,23.77263667531186,19.339930458533047,31.123428485392264,33.41328358145593,33.472139368949804
85,15,85,15,0.6904218744156578,0.9678972293257977,0.9529963095221734,0.979471183229803,0.9866732111178904,23.509895375248433,16.874637385359115,30.34081263822866,31.554784630986894,31.50660384687281
85,30,85,30,0.693552981962019,0.9249131310401222,0.9510565715823593,0.9798063669028185,0.977741584626618,21.432301553913057,19.866859948971644,28.456318603021277,32.81102654699223,32.478062160808804
85,45,85,45,0.716860527780785,0.8574966553270313,0.9611439231583161,0.9769943019609945,0.9609613531195923,24.598879076752244,18.772256157577253,32.847567194591804,34.021333809575616,31.972172412722802
85,60,85,60,0.8168388241510821,0.852304127120783,0.9796100455783798,0.9806534378038415,0.9548319431823975,27.981514301056297,16.161857209533014,34.07942941702589,34.233509510553446,31.592033688298592
85,75,85,75,0.9050610134535975,0.8550964899993251,0.977772107304787,0.9666624494920124,0.9400006043660815,23.91097900684029,5.189135220363889,26.29098047985058,26.055739063507236,20.357193270902236
85,85,85,85,0.9406232290707169,0.8576826150924065,0.980159240442122,0.9660459961071716,0.935174639728058,30.318124168697235,4.046149797457036,24.74314995562175,24.549028218502485,19.4597687844696
85,90,85,90,0.9659840418841469,0.8702183249903521,0.9798880643234275,0.9659613910082641,0.9387010860320844,33.479644509991275,2.954909821246621,23.766058009713944,23.43032030182698,18.84560219513847
90,0,90,0,0.6968272825264077,0.9829111420023757,0.9544411238220419,0.9821293595932663,0.9909879602352771,23.74049188383851,17.906280630640875,31.049755275950062,32.911541232494365,32.52140461666406
90,5,90,5,0.6816883001119085,0.9806422677939329,0.9502671251209878,0.9801980500899351,0.9916161342157584,23.497827520138735,17.899069093658557,30.09791276338271,32.0191663749687,31.98711787143258
90,15,90,15,0.6755497094861841,0.9647646699311966,0.949697239025149,0.9775461680866252,0.986019558333185,22.9846072857293,16.231976720960073,29.87560195666606,31.174669563069255,31.251636334206534
90,30,90,30,0.6782451371076667,0.911857690678466,0.9460413482004923,0.9757420497461635,0.9727350111273603,19.936555932645806,14.490665713126356,27.159002470889305,29.930244533933568,29.763452700521903
90,45,90,45,0.6953521966456915,0.8425435169462522,0.9567862634217135,0.9731013557918683,0.9562479304927904,24.26138669028212,19.163236937935107,33.324645559333945,34.371161302419424,32.71962886999668
90,60,90,60,0.7764811755664821,0.823346231647178,0.9668509264422117,0.9690552209349326,0.9372639503404359,23.055237528384872,9.54389076308441,29.245343436990527,29.796034465938245,25.048191771174487
90,75,90,75,0.8987866007811565,0.8426861633345865,0.969950778352575,0.9583455004057309,0.9354632878852501,24.054716129725243,4.020242432504865,23.553069565473823,23.28046068213432,20.329398996377957
90,85,90,85,0.9319775643825309,0.8481853171796219,0.9755788308305012,0.960866252618826,0.9318939518362461,30.283132633143257,3.0668136881605523,23.11540448287314,22.772170525663054,19.25603934721932
90,90,90,90,0.9546523205784844,0.8568401463750858,0.9712579528491381,0.9579075023015285,0.9304579912020299,31.059936387486164,1.4275172307755877,21.058343150409584,20.956917600566065,18.13237438643624
95,0,95,0,0.6810751685605135,0.9813847958731452,0.9511078871343241,0.9800774283427474,0.9903567998515861,22.974727295409973,17.597283107847446,30.733010078522533,32.595242549919845,32.31117890805115
95,5,95,5,0.677483746587727,0.9793454431134117,0.9470089398963211,0.9800793165070545,0.9911010174964738,23.823603385025383,17.897663621120692,30.426587076653917,32.05854810937046,31.956842865587184
95,15,95,15,0.6654357565334907,0.9607580944663406,0.9478311357013869,0.9749794548559111,0.9837137654892655,22.217752006778344,15.980163592734831,29.515338189317784,30.931101238841727,31.08159771397354
95,30,95,30,0.6605001828083299,0.9039432718411993,0.9394402082225094,0.9720496589942833,0.9698041324170265,17.961907230527075,14.008461612327894,25.71645035589601,29.487056612437893,28.979589597751488
95,45,95,45,0.6927721669206965,0.8377131497014748,0.9533785514181584,0.9713045553295753,0.952669658671476,22.932371465053762,15.759947810360659,30.61436025855219,32.12580613716286,30.449956661344352
95,60,95,60,0.7692344033659717,0.811125191837962,0.9628150213452816,0.9659897893165713,0.933034395243278,22.548019202097713,8.894583827478186,28.61495754802934,28.748413993513022,24.807734392870984
95,75,95,75,0.8867470322558272,0.8306286173661529,0.9647751436999338,0.9535545333128957,0.9273366154375027,24.491066246620147,2.251709982416226,21.35565536894308,21.31515349744829,19.334447662374444
95,85,95,85,0.9251457438711129,0.8431176431703243,0.9678136722797174,0.9538763889001525,0.9261391366371587,29.533571304177045,1.0960476342504957,20.02722274566578,19.917286206184517,18.81828026873946
95,90,95,90,0.9489465430990046,0.8422588531543599,0.9675073482032022,0.9531445670054982,0.9226503742453075,29.855059812507644,0.13762862342514243,19.606405826380723,19.563598517529787,17.250720289219423
100,0,100,0,0.6511504989744384,0.9779711076609996,0.939678618754837,0.9760144772331418,0.9883272966348546,21.896084194207553,16.003921913487133,29.089088110087555,30.79395550959079,30.533744534132133
100,5,100,5,0.6344685511738064,0.976165603550438,0.9334838430122182,0.9737303161537898,0.9895985301253655,22.10878937400296,16.85998533829793,29.27690277345726,31.174111381096466,31.133289389264185
100,15,100,15,0.6495874511928733,0.9561997399069175,0.9393304621555865,0.972144077463172,0.9826370959222748,21.75900972394516,16.546677603837956,29.20934243881905,30.85715148585468,30.99160733871934
100,30,100,30,0.6334945478287172,0.8920383253809403,0.9315418536915242,0.9697577729229531,0.9672237151273871,18.419099564963798,15.164718088725236,26.17548578144116,29.630647687331773,28.63096475327851
100,45,100,45,0.6609541454775174,0.8194178249944315,0.9463864003313859,0.9679063900309545,0.9478369642036313,22.624215564380094,17.071353398594937,31.14306973011436,32.83384635944074,31.297446632418115
100,60,100,60,0.7419616083859465,0.7823248850885047,0.9505774509152484,0.9554710714270197,0.9207745540945859,19.54214764173547,5.785445357661163,25.424167026981035,25.370150265405897,22.25274488895897
100,75,100,75,0.8781723476441466,0.8101347822813294,0.9588290774476291,0.9463652978533172,0.920354306204534,25.03305988632291,1.0108541705947225,19.810666358476745,19.701865973345193,18.545366858846783
100,85,100,85,0.9160166079624116,0.8103874800579067,0.9632245956014817,0.9459654503899386,0.9144054318704362,28.286876459287335,0.02568074773820196,19.013786453623016,18.92071312212809,17.378325407950626
100,90,100,90,0.9425787894837309,0.8300981397084083,0.9649188547217324,0.9489066833932501,0.9185825303134221,29.309735794734966,-0.09459823238689294,18.906689692632753,18.77940268910949,17.323683031628395
0,0,5,0,0.7105221304203044,0.9842061949028768,0.9713161961329616,0.9930844048344813,0.9955424230280837,26.777651763294696,16.925621197207473,30.70257133784252,32.0841492778354,31.67683728236648
0,0,5,5,0.7367661027119086,0.9836107378390946,0.9748077683091163,0.9939331251040614,0.9958291056865989,27.648504783005137,17.00532256416902,31.109607508061114,32.43079160409933,31.989539999162474
0,0,5,15,0.7817556953226379,0.9807707045123746,0.9828240970466768,0.9963347271297602,0.9972945625731091,29.57033627670677,20.453019553356913,34.75202036526013,36.46825664316394,36.07008629477512
0,0,5,30,0.8210280439472561,0.9656025991236831,0.9893250459255434,0.9968157811662354,0.9964455803225006,31.583172165169458,23.380527202343238,38.42995562063889,40.109828994430146,39.82647253766329
0,0,5,45,0.8343487723094534,0.9411425976406881,0.992286916263531,0.9964436738066146,0.9935852584379775,31.99958268081959,32.36814989920688,43.94369886413734,48.48878109366314,45.76460807737795
0,0,5,60,0.9036343214684501,0.9369811284067139,0.9966995569541751,0.9975892256911265,0.9928634503941803,35.83150338832568,32.870467440542065,47.9862217445646,50.31201951360272,45.383695914479524
0,0,5,75,0.9588639607269525,0.9293225523056307,0.9985784987166533,0.9983362141645943,0.9914609042215281,39.99630370809569,32.55508035604839,51.3194089842034,51.820780133630024,44.996564554042536
0,0,5,85,0.9710723444373227,0.9115191011443864,0.9986467593632312,0.9979455350827257,0.9884470892021925,40.82404188395542,24.702301505990626,43.13873220610773,43.23526258453217,40.00212641535833
0,0,5,90,0.9735732041138585,0.8982960865738192,0.9987614217354019,0.9977427544152808,0.9863134871630331,41.28885139721839,24.48497832648853,43.23305419108987,43.17624987548201,39.652648927006325
0,0,10,0,0.2242225453982823,0.7144635422080257,0.3675453123129065,0.5597575585130617,0.8339645023522086,2.817810330261409,-0.4462693994306207,12.883388656052617,15.909587831308386,16.295867391582128
0,0,10,5,0.23251377231724454,0.6996335172116279,0.4247895206513236,0.6389526324430382,0.8620226904074392,4.262403907328633,0.13482728288509685,14.130684221104863,16.956542600563917,17.169079171562686
0,0,10,15,0.22895227099113855,0.4486855384452612,0.3902914376652537,0.5735930194316192,0.7173095027732529,2.290998998890706,-0.07989120553183618,13.562837338776193,16.266064281937645,16.458725661127076
0,0,10,30,0.22836540984767575,0.33897413893876316,0.376221499135146,0.4791672069104078,0.499733009372493,3.345515454195765,-1.1123317080166903,13.392506416894246,15.272823205214802,15.150142449015034
0,0,10,45,0.2389958038450705,0.3374510111769993,0.46444125743624043,0.5202261563142564,0.46089093141497206,2.6994694064437215,-0.023793783503277714,15.562860246278136,16.672423998960692,15.198620352090126
0,0,10,60,0.24917262493899736,0.33802494199689453,0.5672435587215797,0.5457083146584147,0.4260898054151034,2.1406037660183257,0.4168095649751391,17.366616798804664,17.475493649005433,14.76846562537736
0,0,10,75,0.294904371971172,0.34728420782712527,0.772791345005614,0.6283640338693928,0.4369590976513294,3.698630856281977,0.3993917153094815,19.915374507572746,19.112251885385653,15.10838739351411
0,0,10,85,0.45681270828209203,0.35989229098844866,0.9322241849485193,0.7314177859232547,0.48677410666037263,3.497053893508596,2.2616084859117915,22.09886574010362,21.094849927835458,16.78404940552883
0,0,10,90,0.47844783081146475,0.34466403938997253,0.9000007327408274,0.6309968863700918,0.41790023588314223,3.5554396833956865,0.9813431072623878,20.52488331018928,19.261917662546807,14.759091670489353
0,0,15,0,0.2147904112419591,0.40253960681383955,0.2571052899557912,0.3164959389988631,0.46715314229686494,-2.4247996678251,-4.335702496690357,6.157822345668269,10.350840159719958,11.067247827099733
0,0,15,5,0.21774805412505258,0.37050220415696367,0.2624664630594351,0.331758790672123,0.4785302988253427,-1.4031671312106753,-3.965321121187052,6.888290166072536,10.78710650669446,11.427770455486527
0,0,15,15,0.21678255420165748,0.2911480610928307,0.259802773637871,0.3159396345103889,0.3713422439921583,-1.9666067830118081,-4.246752820726896,6.29089473895246,10.508136801313597,11.048982940250438
0,0,15,30,0.21626534561624863,0.28149915236233225,0.2658851737384799,0.3191280112827483,0.32113500911024745,-0.5734899976424919,-4.344464518147635,7.59261929191625,10.58206914399105,10.588342080981212
0,0,15,45,0.21954615037036934,0.2752688481332395,0.28265966790501784,0.3084007340723324,0.29085061244822213,0.6994531667874188,-5.251057042234564,8.906510774322086,10.157993555463419,9.180250451472638
0,0,15,60,0.2290508340263236,0.28726272794063956,0.32553025003180497,0.32962952383816474,0.29409026597205895,4.2234197262747655,-5.249188310796956,10.809408363262998,10.886675485621744,8.66852917174918
0,0,15,75,0.24797364334501104,0.28556880073301694,0.3923391744453918,0.3346513949992513,0.2885181757424001,9.367378829993385,-5.77765161362494,11.761944738074778,10.99815244103022,7.7595649366638195
0,0,15,85,0.363032613946617,0.2996913688336393,0.5468229382288379,0.3726571435380127,0.30641863335585257,16.66995545745372,-4.591848522856473,13.453017741240798,12.329537776252614,8.753045313840063
0,0,15,90,0.43965022967325595,0.2945991794147696,0.5330418885155581,0.3556983293900529,0.294251884700631,17.827345881998916,-5.466003767024232,12.757250203138376,11.518513525570462,7.405093810322021
0,0,20,0,0.2122974298227384,0.2744028686985907,0.2371852051517257,0.25192960020443605,0.3005923964933518,-6.386266369094323,-7.236726099557844,2.5113451007231093,7.342373167990861,8.344824459176664
0,0,20,5,0.21089095689789122,0.2585474579130887,0.23149821572726387,0.2521536533080027,0.2945313874556392,-5.8586976153894375,-7.248102234184071,2.4339965763675604,7.479504938222701,8.3173508966088
0,0,20,15,0.2101357504979735,0.23874073119068726,0.23061405453188077,0.24999827327870264,0.2623160980844625,-6.654997389330903,-7.568209016676879,2.4643280768136107,7.181188667412042,7.831812009723292
0,0,20,30,0.20970735095028326,0.23861682972827208,0.23273755311829145,0.2524278639976455,0.24915611416243197,-5.694780259543435,-7.890943528848133,3.8278880874055417,7.046819426088838,6.932545164183022
0,0,20,45,0.2107079911237534,0.24123310124130237,0.2417465966802674,0.2565823916426854,0.24927252712663642,-3.9235301494894594,-8.63105425799303,5.237678488529596,6.961429718036874,5.633803260221453
0,0,20,60,0.21480925874820378,0.2418988288779345,0.2539949762169558,0.2634144934610331,0.24586055112699007,-1.4418288377803459,-8.771651278155515,7.200268209173943,7.454958849727969,4.924743390264726
0,0,20,75,0.2258583638294077,0.24262365230124192,0.27555138428151466,0.26361621376307887,0.24718030323819545,1.6517218859358975,-9.590106209961768,7.966822393036583,7.035021866039615,3.734693503880643
0,0,20,85,0.24369914620946506,0.2586141502517185,0.341447545033983,0.28743082096975303,0.2586072414674705,3.456960781666993,-8.686815528802537,9.818410152642612,8.496644873322467,4.363050386357029
0,0,20,90,0.25955335380771327,0.2582255329542268,0.349990042333566,0.2871927643890226,0.2647961377083373,3.907590330921834,-9.204309317054356,9.726751350001216,8.147030954021258,3.907449036909913
0,0,25,0,0.2120207807705322,0.24360300405132032,0.22902857042527108,0.23534119187787472,0.2496297909490219,-8.674718864897619,-8.81515227228322,0.21487342398170658,5.262541572296493,6.353350722863826
0,0,25,5,0.21228555476614777,0.2324704238588795,0.2222859677606615,0.23010002629867501,0.24144447091457408,-8.516878269931281,-9.188873127635981,0.2519154096625121,5.16417423629523,6.130556744510239
0,0,25,15,0.20870786431168803,0.22976731527230967,0.22427210364243813,0.23246115917999063,0.2410896986604747,-8.450889180298791,-9.354970750500375,1.0870422081611344,5.495084949108624,6.074198405553003
0,0,25,30,0.2094801239122232,0.22376657796585048,0.2204783203437445,0.22671507283536618,0.2259468287343209,-7.365591284763921,-10.820884545309223,0.8233376017265847,4.406387377686015,4.285057645708962
0,0,25,45,0.2099634762517672,0.22380146198691267,0.22088189210066855,0.23054341945680623,0.22761037981275303,-5.530682375246913,-10.692772965717419,2.8985429695064036,4.939463064801326,3.623642107041771
0,0,25,60,0.21294752859798893,0.23040799801179146,0.2335957960419168,0.24004325098810994,0.23321294638614895,-2.2771154128577966,-10.924728136930725,4.46702596638544,5.2380260261591305,3.3331453363184416
0,0,25,75,0.217851991337351,0.22985733706430614,0.2398990492922228,0.24229985675387827,0.23125359541585652,2.509475632961011,-11.451668161744315,5.985577343367917,5.346337273284658,2.3359408222888134
0,0,25,85,0.22816300934960618,0.22037766072927223,0.22822931777844113,0.22384039516941845,0.21981372293987161,7.566291286735415,-11.825518046441164,3.482524628210969,3.13211425764868,1.8629775788013323
0,0,25,90,0.28892817204508514,0.24133716992723572,0.27771133047824154,0.25659815320049945,0.24315970307339735,12.666614153201813,-11.365863217200353,7.380611715088055,5.9221931685827816,2.184688730982098
0,0,30,0,0.20955824250802904,0.20889272555103297,0.20745606904088632,0.20906159295243934,0.21100797473576116,-8.056495466053253,-11.815214317593314,-0.11375194733147921,2.6127984492381873,2.6892479470926034
0,0,30,5,0.20861849779125127,0.21447427760369298,0.21206267519984687,0.2140341188544624,0.21983246889142544,-9.747861486873772,-11.755231700518163,-0.3891881332383554,3.3313926897297175,3.9099442072296453
0,0,30,15,0.20855569463095372,0.21265832861830686,0.21190000665900088,0.21587255361753246,0.21579316414780697,-8.73215104340497,-12.44727583135337,-0.4424633056082388,3.0579369609622287,3.3157493262546383
0,0,30,30,0.20869563797122942,0.2130937585642909,0.21281037981100193,0.21857300782157943,0.21730401013597578,-9.710632752386658,-12.21187210398243,-0.16389939586687494,3.4002396203749563,3.2096241015603058
0,0,30,45,0.21008358547781958,0.2127706618704866,0.2135066291081976,0.21659560449351675,0.21521289662781293,-6.104919329758959,-12.641438025296463,1.4735056310403059,3.0306865055879113,2.3451648022735085
0,0,30,60,0.21488971553670821,0.20794578055406887,0.2082992241329033,0.20865204864559178,0.20782143752020762,1.6400528657354083,-13.870821620005485,2.0251821749628656,2.0632947928140415,1.4019665482520791
0,0,30,75,0.21289569948220924,0.2178090312700642,0.22096097535492715,0.22048729024823405,0.21766706867438837,1.2336241847604472,-13.72827804850154,2.987754029757314,2.769022890923542,1.5532612930230425
0,0,30,85,0.22481372280997128,0.22374796443629327,0.2369388956189144,0.23417186264108733,0.22941742315183228,4.719685143136542,-13.980195412518814,3.93337283237258,3.342679026774198,1.3788226467666647
0,0,30,90,0.21479082308526146,0.21717521549010385,0.22043771740389956,0.2184583257736334,0.2191191580295321,6.1985639389767115,-13.691768566064717,2.568945868907262,2.351621702274007,1.5492858927124378
0,0,35,0,0.21412883816753456,0.21018807389806482,0.2093323452644188,0.21034801141338003,0.2106748219248929,-8.291361668560526,-13.408544755053931,-0.7789912590809113,2.2942484621916477,2.449950855943164
0,0,35,5,0.20776240911131183,0.20892058275549513,0.20787970334493225,0.20901884516910862,0.20949348342321253,-7.802382071593572,-13.534411153586074,0.35030590962228797,2.266202281769465,2.2777646154810016
0,0,35,15,0.2088196533410793,0.20737667556294062,0.20723319028509207,0.2076243872120855,0.2071646357094956,-3.1992757910777936,-13.545928125503098,1.3251381150906347,1.8373363071350206,1.6667203646894264
0,0,35,30,0.21035470262635841,0.2093239646583398,0.20920922800075534,0.21048919371392158,0.21034105635815742,-6.551790382865223,-13.888958567016555,0.983957606332775,2.089067594150403,1.8636048904810414
0,0,35,45,0.21386814615427824,0.20602772288121354,0.20641769407246938,0.20684541228743264,0.20653382206876308,-0.16978315306059177,-14.020363839362,1.185054563751493,1.7680560256447424,1.5096592004377922
0,0,35,60,0.2125761480227033,0.20807250075600145,0.2088470298867639,0.20806488702135664,0.20765707626436886,0.008808195426770775,-13.919771710770995,1.8145619111244147,1.8310839432912167,1.2456178025555642
0,0,35,75,0.21369795852666643,0.20669144365604195,0.20746258949582125,0.20729188766334508,0.2073056771423809,5.275656848621178,-13.993363037573474,1.9096977307774834,1.8187372726554458,1.5050275201030852
0,0,35,85,0.2139925636496481,0.20785108720579376,0.20992477175110108,0.2089791867402342,0.20842194126969676,7.197456750572204,-14.070799028892438,2.0222243658265633,1.9401611930588296,1.5391389921122807
0,0,35,90,0.2148874418753299,0.2057464377946336,0.206611606570415,0.20638832312791955,0.20611956411447055,7.93859912571687,-14.112856899160104,1.9323577499795852,1.8184296336972638,1.4419716321687108
0,0,40,0,0.21223623446836418,0.20761453669822785,0.20686887175077054,0.20757630080593212,0.20869180792046646,-8.026698472821126,-13.28266617486291,0.7953608827903846,2.0787795531694693,1.9389624075982907
0,0,40,5,0.2139356969473217,0.20664366810209087,0.20677778477102335,0.20709868523276864,0.20715309372408283,-7.633186794559244,-13.781064325631585,0.5941802717733193,1.9222865585051618,1.9426349882101748
0,0,40,15,0.21338994864775154,0.2062449818618539,0.20630010085515516,0.2066950040210572,0.2062907524864575,-2.816724486488751,-13.820654600280726,1.0169567214364093,1.6988412093379206,1.5426846980620184
0,0,40,30,0.20867901048133328,0.20688643447811744,0.20698236261857034,0.20772943165729688,0.2077936918235393,-7.92376302883336,-13.737856509947996,-0.09880118864533051,1.8041102630391412,1.7751496192604732
0,0,40,45,0.21056397360631615,0.20679691128359726,0.20736262409649917,0.2078700420558302,0.20766653630641815,-3.7000032398554983,-14.103422706634866,1.3792256334597197,1.8481979625374882,1.6105643084398236
0,0,40,60,0.21363344363624395,0.20599936591848417,0.20636399068938316,0.20628611277080944,0.2061139226349879,0.1879254648331877,-14.055851931251912,1.8574836539982433,1.8130177959695015,1.4899083830314224
0,0,40,75,0.21379614159162394,0.20654140725450854,0.20732505096860013,0.20767825002935794,0.20739194008809872,5.5811616635112395,-14.221396432451453,1.8344634735321503,1.7890007001771202,1.5338565922791907
0,0,40,85,0.21425843597684285,0.20641772811384473,0.20658742920372758,0.2071988121588764,0.20694741232280728,6.4190137071968305,-14.081232081767492,1.836800439375604,1.7633323227451168,1.530043935947718
0,0,40,90,0.21487451319607495,0.20753375856246742,0.20762882453999362,0.20801000952814624,0.20775178382910686,7.344240041136178,-14.087954824140539,1.8519381011024012,1.788350801898953,1.5229027257007988
0,0,45,0,0.21348239891783874,0.2063599364237843,0.2063095021336602,0.20647777246512636,0.20700958537411907,-7.784982484223165,-13.313316389484983,0.839570153741803,1.944917567254783,1.8746577979160866
0,0,45,5,0.21350733172998843,0.20663024685217646,0.2062741641272822,0.20667999397594972,0.206813753262692,-6.1899490305080285,-13.61555211177522,0.09663259468249599,1.7030185336268444,1.6385059700133398
0,0,45,15,0.2137797492837763,0.205987647306704,0.20617869095670371,0.20613947126224275,0.2061969713978413,2.2792986099921104,-13.990179378119478,0.9065044542577554,1.6454046238607116,1.4895689731969128
0,0,45,30,0.20881343231021696,0.20675372262783712,0.2067907348605666,0.20746135987816108,0.2072275416705653,-8.60311181538926,-13.905006801834217,1.004026050931414,2.024632581346922,1.8196543900644975
0,0,45,45,0.2102324295916712,0.20711220412663306,0.2079443395616545,0.20773668271516837,0.20797131226635243,-2.5365825897116645,-14.145369301766056,1.2389740616797995,1.7649691665933642,1.559086825272928
0,0,45,60,0.20933056426777158,0.2069303248501581,0.20734507823287743,0.20728256587661473,0.20751544137534333,-1.5546675451068916,-14.373638095603692,1.8443180187129053,1.9079599362692932,1.6316135518869133
0,0,45,75,0.21344918561831946,0.20593666588109663,0.20612080295360605,0.20614783713791413,0.2060345495563619,6.640342299486118,-13.93441815911334,1.8018630308821417,1.7433643467840163,1.4891683880782445
0,0,45,85,0.21446462440313105,0.20683294727684046,0.20715624885584905,0.20701695878028034,0.20664804983433138,7.037338524790621,-14.39102159399255,1.8728255622906502,1.7938126942782215,1.4964670728097926
0,0,45,90,0.21477263072274225,0.20599773857927184,0.20635046550084607,0.20617583628860017,0.20608014701090815,7.511951097867953,-14.342504177944281,1.8504873873775918,1.7924270553827353,1.4776055785580877
0,0,50,0,0.2107396241470034,0.20749075916014295,0.207017998096679,0.20751387484913086,0.20773093911513457,-5.7899719754485695,-13.908150896956592,1.476646504674839,1.7769531577775153,1.5644166320992392
0,0,50,5,0.21321782679620863,0.20632510936370155,0.20604143184369478,0.20650340240801435,0.20637075724355125,-2.1890622163174376,-13.87458908493474,0.8183587846892613,1.676054034698233,1.496516211525801
0,0,50,15,0.21351378797061782,0.20679090575103878,0.20629892952545018,0.20675351818378512,0.20663805273292757,-2.78403479561595,-13.926304934471418,0.21443103269863723,1.6889553516105447,1.4969642319320338
0,0,50,30,0.2138739437712113,0.20598397929180945,0.20621625636652033,0.20630030909812835,0.20611024670676295,-2.2770499580795094,-14.028393682493883,0.44232444199256826,1.3186126438172008,1.368016718789444
0,0,50,45,0.21386535355282504,0.20612733366465777,0.20633129883342186,0.20655444516861177,0.20631927007376105,-5.089984441265606,-14.284098343879378,1.3094151297041936,1.719284706910993,1.5023000293279651
0,0,50,60,0.21355783039958057,0.20580268967296597,0.20624897621097132,0.20639665325081136,0.2061875139105459,-1.5338953900370638,-14.56778888094789,1.87770457871856,1.8421642636320656,1.5707181239807155
0,0,50,75,0.2136496672221904,0.20583562406211509,0.2062692514107532,0.20627176418912638,0.20605443609659846,4.935317464306019,-14.483354270209109,1.8039660790520549,1.7564133793294843,1.5060665725636382
0,0,50,85,0.2139025280800147,0.20618318298951036,0.20664476595713838,0.2064983905158647,0.2063945307380534,5.981019204397273,-14.723941511178161,1.851018896416078,1.7943517256819517,1.5229021190985401
0,0,50,90,0.21336263235544695,0.2059706079455453,0.20627882529280137,0.2061265101906166,0.20608120670142963,7.41328277266593,-14.368340023151084,1.824512238347691,1.7676287609200791,1.4900568673012033
0,0,55,0,0.2134701859070506,0.2069103281890978,0.20671997261312128,0.20714399837260852,0.20716830619651824,-5.967574324075277,-13.940978723404626,0.8233584332876382,1.761539662524939,1.537144414088467
0,0,55,5,0.2104908479540188,0.20631119880731535,0.20645736517319327,0.20649735897036942,0.20649918011260043,-8.599652211163765,-13.870540330525635,-3.4696833186405636,1.0277241078831005,1.5506334021590182
0,0,55,15,0.21363352220860932,0.20590551268178803,0.2060568318981036,0.20605485325254652,0.2060544720426866,-5.177666793643256,-14.019192333431722,1.7537895787966231,1.7224021776279275,1.4965417141966135
0,0,55,30,0.21011016391145018,0.20609331074726242,0.20614391455695633,0.20622559263942825,0.2061923763154091,-3.8820190271162005,-14.004267498730563,0.8211551640999486,1.7131805693140614,1.5523319469736963
0,0,55,45,0.21358961044673128,0.20590765243196182,0.20605955886673605,0.20616005308849011,0.20608491809571522,-1.4142416616071387,-14.087212703517748,1.0125817747143036,1.707446499601171,1.3982408982841537
0,0,55,60,0.21365811415958139,0.2058654009617401,0.2059627875618293,0.2059949852338169,0.2059639759192776,5.458210993578822,-14.027890626801685,1.677212037169415,1.6404649674038851,1.4084666508061687
0,0,55,75,0.21367832396631833,0.2060142825046239,0.206095029979044,0.20610679874426271,0.20607738337002368,4.329416667860745,-14.423981615346118,1.7533331821504239,1.7175937422934782,1.4791489366273498
0,0,55,85,0.20805827822945022,0.19954605661978464,0.20112886220581835,0.20115631457905211,0.20063344937091304,6.985582834195618,-14.780758801285913,1.7834559568772463,1.734390470734367,1.4778328920108164
0,0,55,90,0.21495790643616028,0.20696491549425855,0.2077338438886526,0.20793012686013512,0.20781207040498387,7.715156405044693,-14.567114149198744,1.8261635682418456,1.7677437498775532,1.4866793374556324
0,0,60,0,0.21149260070272316,0.20715748151623467,0.20641495970422186,0.20738699834234378,0.20748159987465278,-8.743457424870243,-13.891547611975179,-2.297870796342682,1.7193366530473653,1.596565468286817
0,0,60,5,0.21147466945847015,0.20592574566804503,0.2060125642131379,0.2060575800839913,0.20601777408465388,-5.2539437380248,-13.954957669334611,0.2494206913940676,1.6325326829818718,1.3802468009395001
0,0,60,15,0.21365474679046878,0.20598811055223318,0.20603894520463809,0.20605195498498016,0.2060125356353719,2.6263275753985478,-15.488813763316095,1.2189688960627445,1.6523790434073353,1.4221175910769666
0,0,60,30,0.21385780521543948,0.2062251132159013,0.20614147717911915,0.2064342040860555,0.20623368868925598,-5.421885123255452,-14.165417426150384,0.6254552843547647,1.542789609335362,1.4346263709903329
0,0,60,45,0.21369040204357326,0.2060705624475225,0.2061433873668626,0.20622756835756295,0.2061775075291581,1.2529079663486755,-14.005792756029498,1.2593317847098944,1.6789462290271986,1.467155247037166
0,0,60,60,0.21361045942194753,0.20590467256759537,0.2060336707798264,0.20607551201083207,0.20600182443727688,-0.24485552248203352,-14.310595084871666,1.7521242463183642,1.6966286932315011,1.4201061493919742
0,0,60,75,0.2138165554264483,0.2062492886268939,0.20616879692232623,0.2064331059028472,0.20635664378317517,-5.967795132309477,-14.441037315389506,-0.425121034643557,-0.21086161773267598,-5.9444578919009246
0,0,60,85,0.21365385406850176,0.20590379884456955,0.20607556314644146,0.20604834763573573,0.20599654285939403,6.62616780243341,-14.465956811923666,1.7832961709445043,1.7197327636222055,1.3219210315090781
0,0,60,90,0.21467472938923435,0.20723632487941618,0.20748553334726197,0.20743400737488887,0.20744944961711878,7.493637518639877,-14.523859403195429,1.7850877021071239,1.7328790343778389,1.4880929875246824
0,0,65,0,0.21359974950312433,0.20604413301318697,0.20604928001498465,0.20622015418245265,0.20628405332816027,-8.656757352306201,-13.823140750566477,1.6010457103392062,1.7729128653513007,1.5627413877458716
0,0,65,5,0.21360252586119235,0.20594072347468773,0.20604307910483358,0.20609551844198118,0.20607939037607004,-8.701868747493137,-13.868526235397574,1.758638985355058,1.767307291258716,1.5407352151774278
0,0,65,15,0.21366487956337335,0.20617652860622837,0.2062433504646785,0.20621876572263348,0.20621110242947135,-4.264004540191628,-14.022220255609337,1.7373396277885904,1.7211550006016951,1.4838844954780335
0,0,65,30,0.2136337828712589,0.20621598242275274,0.20631558172404688,0.20633584205558317,0.20630255187699156,-5.718886606149935,-14.150316682368839,1.7527433029627095,1.72522905910127,1.4993529114895823
0,0,65,45,0.2136006082741575,0.20589726080571855,0.20600525070206435,0.20606472636764053,0.2060071650946772,-2.270639235860581,-14.175650895986905,1.7321101831150392,1.7032631505595186,1.474939882177804
0,0,65,60,0.2136334583844898,0.20589834646600033,0.2060193809297937,0.20605004245697722,0.2060204357986641,0.0290070008799775,-14.390222810117628,1.744705679083126,1.7021234141394979,1.4734757880514544
0,0,65,75,0.21042155963113876,0.20604132909992648,0.20617659848256945,0.2061580896166985,0.2060918470573796,3.4810800801653845,-14.493077181709742,1.747076144619725,1.70146472360466,1.4747799226243883
0,0,65,85,0.21363691036068116,0.20590181574272703,0.20603010352011966,0.20603843920449202,0.20597991187389486,7.101912793628347,-14.3731432876774,1.7453522117267115,1.6952560784498991,1.4510649490214194
0,0,65,90,0.21441899900330752,0.20639795545189601,0.20693000806253872,0.20686518064407483,0.2067260717670275,7.6833135381423245,-14.671934013392942,1.7791729885722318,1.7298269048905457,1.4825124671926426
0,0,70,0,0.21333473909449677,0.20690427499393896,0.20561498635804787,0.20634415756604077,0.20706541903788483,-4.370705596084191,-13.982870632665545,0.020267576250719305,1.6793309582227343,1.4672553463213587
0,0,70,5,0.21323303201508143,0.20863603744600853,0.20747321608691435,0.20784426480886742,0.20827286984062096,-7.739859240350717,-13.84875565344087,-2.8740956035355447,1.6062365504848288,1.500372896547142
0,0,70,15,0.2136309460138903,0.2058924698210989,0.20599350082007695,0.2060081118042582,0.20599801522792724,-3.4454966749294713,-14.073283274762263,1.6551933618342267,1.6858993908921363,1.4573545322650898
0,0,70,30,0.2136517166823708,0.20589911998916785,0.20598478359690525,0.20602340544537678,0.20601922095685765,3.655552498359435,-30.37346746257517,1.3455668993942507,1.5848647919878487,1.2814890965703691
0,0,70,45,0.21359546347710973,0.20589740153738953,0.20598160991442307,0.20601239782790257,0.20597411110198738,5.461476663674292,-14.004252014654101,1.6635226479448137,1.6344390006879175,1.4043874768944233
0,0,70,60,0.21363303937044145,0.20590106727796678,0.20605448370315388,0.2060872526101785,0.20600694824572374,-1.269064199658903,-14.495107989070831,1.7554459905403161,1.7081727622277305,1.4744645716292129
0,0,70,75,0.21360504437169117,0.2059017581073603,0.20614923343159836,0.2061253118484596,0.20602820958057716,1.1306453807637487,-14.875670565811458,1.799457363847567,1.7472381391692313,1.4675594332156803
0,0,70,85,0.21369046049513812,0.20636694160133265,0.20659734356773699,0.2064343244686874,0.20650506463447105,6.739395876541612,-15.133320997757016,1.8016286352976114,1.7536365673940468,1.4605385501466364
0,0,70,90,0.21370614954491302,0.20590935194292861,0.2061899995941821,0.20616183204857294,0.20606918354923517,7.311907770107185,-14.982511457662628,1.808345561327747,1.7601190627650416,1.4970023191131747
0,0,75,0,0.2136079039050678,0.20591670227230527,0.2060248221161301,0.2060406517106649,0.20606627766549965,-6.43421831665434,-13.888494533739962,1.7612265945095644,1.721241503354818,1.5073298878661123
0,0,75,5,0.21341960325230305,0.20775281109183538,0.20662513794737056,0.20724030287199277,0.2074286080397803,-8.514833084076267,-13.850318019258667,0.10733986063795659,1.6964801503309965,1.470940564107196
0,0,75,15,0.21363386182133481,0.2059171842702728,0.2060017092787106,0.2060323997455444,0.2060269672980724,-4.725049970221697,-14.010703278516338,1.6791701476059238,1.7040690519343336,1.478464921031496
0,0,75,30,0.21368650823146781,0.20598016934100066,0.20600257778165532,0.20616255538494438,0.20616764071444352,-1.7228830525072039,-14.062608085918091,1.6666921310655347,1.59740382493506,1.3611266487658966
0,0,75,45,0.2136151874615062,0.20589835350974278,0.20597881985442512,0.20598492800515486,0.20596313194823845,-12.941319200131435,-27.203996080980914,1.661575702010014,1.605964885399256,1.400591787936899
0,0,75,60,0.21271017035071269,0.20589912144805358,0.20597341537683408,0.20597197387939759,0.20596622299799544,-3.34354787593951,-23.66219116287215,1.0871081888745902,1.0982630286775035,0.7857638354277124
0,0,75,75,0.21363229780064863,0.2059165705353828,0.20603039175932028,0.20603063156586462,0.20600638799781176,3.243016864672123,-14.56041780383342,1.7485685730443767,1.702370710440194,1.434655700717421
0,0,75,85,0.21361259141397937,0.2059222221067567,0.20617421042198406,0.20608482920778531,0.2060341071443265,6.404411200062396,-15.037872071092105,1.781311533594654,1.7281368208719685,1.4771095168003048
0,0,75,90,0.21392368454656402,0.20628902799176474,0.20635687065832387,0.2063023373330717,0.2064785384160976,7.523612421718138,-14.976403609388175,1.7779573339939494,1.7128968475690258,1.4454606181845535
0,0,80,0,0.21171916265528018,0.20539875765703938,0.20452728334931597,0.20482441133163123,0.20551047298170355,-9.564165712071615,-13.96607859119275,-1.166515863459587,1.6893821759261127,1.4935360648377043
0,0,80,5,0.21362073119509636,0.20594954042147368,0.2060719114776743,0.20610297789895435,0.20606887843236887,-10.69835922966327,-13.880685662580225,0.08312878975164928,1.5897739319517847,1.5183947924826648
0,0,80,15,0.21363055835981906,0.2059783416947954,0.20602752967256488,0.20605543484866615,0.20602258498810946,-5.862187257783427,-13.982600728725881,1.7239939811232357,1.7008809352188978,1.4699921387455586
0,0,80,30,0.21345429230525167,0.2062716955064307,0.20666527045784536,0.20647861278062637,0.20657365012140386,-3.4264346524196965,-14.087087469275708,1.7232184788440474,1.6833545953824443,1.4540160961855775
0,0,80,45,0.21219749810694508,0.20589869425698623,0.20599160902621233,0.20597725853598012,0.20600300830631066,-1.454457667768271,-14.200252437923782,1.584521698678344,1.6364370390662408,1.4493182221185958
0,0,80,60,0.213645927063731,0.20590158019911603,0.2060021740468561,0.20599107890122262,0.2059821286569004,1.731497945717133,-14.279602522607654,1.729608064045274,1.6813619363273224,1.4283957398900609
0,0,80,75,0.21367542088028968,0.20600032479302888,0.20606945291831402,0.20614818398832033,0.20610196661533559,7.307093022368613,-13.941380577991945,1.746566156749374,1.7049805269474752,1.457403473223588
0,0,80,85,0.21375725983151228,0.20616358511322827,0.20643959796867187,0.2063649879257552,0.20634737860923402,4.611644046494555,-15.409727571693608,1.809173433465714,1.7513928017134106,1.4840852414845345
0,0,80,90,0.2118449175287337,0.2040484479703832,0.20415020315303714,0.20424472905631966,0.2040190677338588,7.555501258458509,-14.080129921407302,1.7124543271960988,1.6479653290702536,1.3980546674018368
0,0,85,0,0.21046173045797342,0.2035900405499074,0.2031329973976808,0.2031208222808182,0.2037682026751552,-9.293520556227234,-14.018019783804059,-0.967594608734625,1.2004392551826908,1.228698703165566
0,0,85,5,0.21361782732942308,0.20592278572787173,0.20600269720101685,0.20601164819463816,0.20601916100736417,-1.8825906119223188,-13.934491590061151,1.6593264754176,1.676389490424042,1.4690282903749219
0,0,85,15,0.21172213647019503,0.20677070362284267,0.20500956889323518,0.20575959599291138,0.20703665912199878,-5.307549369767095,-14.05122352719198,-3.291012440436818,1.6420334049068717,1.451136206634155
0,0,85,30,0.213652524860734,0.20640212946293932,0.20632356753724534,0.20645768815991697,0.20628748067423083,-3.1202606371897113,-14.105297686380268,-0.1118927363223756,1.5427203086705588,1.4368489323559173
0,0,85,45,0.2136365603820368,0.20589846415437307,0.20597424387691793,0.20597185300140702,0.20596756878474093,3.942390393086547,-15.16863369495681,1.3312955750535107,1.6013355465072623,1.3764977769571796
0,0,85,60,0.2116693474860401,0.20561879608566677,0.20609821138706472,0.20600115034649094,0.2060567413797789,4.102814779518935,-14.840845935880939,1.718883605203079,1.680247488882629,1.4503579341509703
0,0,85,75,0.21366394740673578,0.2059723554717358,0.20603970511740655,0.20608094444764202,0.2060708044209446,1.5874794062419406,-14.872635242361188,1.7336930040719334,1.7035363881856425,1.460232382058033
0,0,85,85,0.21357802901706688,0.20589524295234238,0.20603386448408342,0.20602071047687107,0.2059997207877249,6.727442783002545,-14.710311978816579,1.7501584689131924,1.7029050208454912,1.4588198425820977
0,0,85,90,0.21381694145695057,0.2059973342836259,0.2060704313788351,0.20611019004336073,0.20599321292805162,7.617197840279017,-14.240480058934878,1.7358735166783696,1.6740815894064554,1.3176269357954575
0,0,90,0,0.2136195577727724,0.2059079780189845,0.2060139421737451,0.20604934583191784,0.2060250603542073,-2.8169823643423424,-13.940088827932248,1.7275172233029046,1.6972242254534875,1.4732398803240017
0,0,90,5,0.2124170258337202,0.2072879476676013,0.2050726368362995,0.2061091769573792,0.20663086709870987,-5.1919567699777485,-13.962131699929143,-1.2546568619143987,1.5905902192684243,1.4561735366778348
0,0,90,15,0.21039317151161283,0.20536424601691003,0.20379887522093953,0.2044234330018161,0.2055253076344758,-5.46835235699891,-14.04357910424062,-2.6378128046469045,1.5869121788605567,1.446415119081611
0,0,90,30,0.21363761482548227,0.20589838107778163,0.2059743893075803,0.20597377536567432,0.20597069141281757,-0.028939662676077532,-14.040760963145534,-7.6882953359878226,1.5444563642693556,1.4238323139406424
0,0,90,45,0.2136396007921403,0.20589908110100869,0.20597580647341265,0.20597157457399512,0.20597109997748334,4.012237887444798,-23.416478064012907,-2.204413818596134,1.5444546033389748,1.4347667464416693
0,0,90,60,0.21362457833385398,0.20589809609402437,0.20602237118842293,0.20603301238866573,0.20600956889109662,-1.8549337359456506,-14.61232606217722,1.742659654406821,1.695456129940016,1.4635073324431973
0,0,90,75,0.2116254434844846,0.20589815101662293,0.20600560256068212,0.20599694991491369,0.20598793077208247,4.548539250996394,-14.32745973451707,1.7283522706850494,1.6805141398402466,1.4405339892444906
0,0,90,85,0.21357330446416067,0.2059031250572905,0.20605498407228803,0.2060383336808788,0.2059932547276033,6.823975384541895,-15.099269286202112,1.7602758346475398,1.7097372776897013,1.4518393516007784
0,0,90,90,0.21089389216465643,0.203426271934581,0.20366980348267666,0.20332741366581278,0.20331976191841136,7.546932732399593,-14.078585525049359,1.7099867590061988,1.6539197187302725,1.4085212633603983
0,0,95,0,0.21036987124345027,0.2034308545531943,0.20307350894818077,0.20340378732073774,0.20359095063757876,-7.783992417561473,-13.993080883877113,0.3178275769318733,1.6566567752921533,1.4519254315995007
0,0,95,5,0.2105613863675503,0.2039867657549797,0.2030320738580986,0.2041059387052187,0.2042244852712097,-8.582928930618174,-13.961003167621781,-0.9902797064651405,1.571754027058586,1.4670910937078576
0,0,95,15,0.20966645878869414,0.2041582946133965,0.20336545182676957,0.20397915168951977,0.20417236701167737,-5.998281012121013,-14.076812660006246,-3.1677798199330414,1.636227057859149,1.4411599201446976
0,0,95,30,0.21363590585012104,0.20589762513096427,0.20597566314939228,0.2059814182820928,0.2059672937147141,-7.830074345095893,-14.243789772838142,-2.1944140856347523,1.5042597605629147,1.391928266083682
0,0,95,45,0.21365144418368956,0.20605508098214162,0.20603158088488488,0.2061516505941478,0.20605971605665588,-2.9562704851688872,-14.291431491649217,1.7128643926863596,1.6858958420791983,1.450390085621231
0,0,95,60,0.2136377774470364,0.20589835285083624,0.20599729171028983,0.2059880405467891,0.20597223526268496,-6.510244460764161,-30.09876577328189,1.7136165358356525,1.6702962055975767,1.181574945898757
0,0,95,75,0.21076311296158656,0.20591188882829628,0.20604211454995078,0.2060230992289559,0.2060179122162231,1.3906493803719107,-15.028975226894538,1.7054657210128574,1.700558744870961,1.4687436718927596
0,0,95,85,0.21362003419211512,0.20590172676853125,0.20604310059019443,0.2060099618340152,0.20600268065372798,6.140638672461533,-14.990426754461568,1.7488555708164257,1.6995763356522575,1.4616111203957836
0,0,95,90,0.2144410666780282,0.20611976492555248,0.20666663311103994,0.206721349859102,0.2066785610238242,7.698715531834404,-14.90476721612284,1.745069984889747,1.6990786425721347,1.4559274111068037
0,0,100,0,0.20984637158072092,0.20310305685438654,0.2027093428878005,0.2033607947515916,0.20327302661079602,-8.371982548342078,-13.99258656527901,0.7897468631157513,1.6706159683099298,1.4495811486367556
0,0,100,5,0.2092946557608237,0.20167515689603677,0.20153083785959464,0.2020411312461994,0.20179045202669005,-7.969638118257361,-14.00142221266648,-0.898921596637876,1.5312544065567852,1.4261048470796345
0,0,100,15,0.2135896918328533,0.20589956060663228,0.20599527310065177,0.205998107542267,0.20598043017351247,-16.359081909398313,-23.644159931140543,-1.7702082363532814,0.6211679331876749,1.14325398791336
0,0,100,30,0.212425958120783,0.20509011178018732,0.20492622799535742,0.20535563713966748,0.20580465216367394,-6.630415102197081,-14.204140842333855,-3.08100995123596,1.4358675483955043,1.4108874869692984
0,0,100,45,0.2136371143240677,0.20589834087637593,0.2059740298568181,0.2059862137767176,0.2059708410102895,4.9639262001371955,-28.614424868652964,1.6661191645459115,1.6724552925295662,1.4140029449266982
0,0,100,60,0.21353290697993063,0.20606405344860312,0.20614889366424197,0.2062826029447286,0.2061079950130945,3.5887213157967524,-14.112463605354083,1.6675551774295638,1.5485953437229085,1.0937565994035408
0,0,100,75,0.213613832390475,0.20589896921296996,0.2060199016240803,0.20602978859894033,0.20599582649243076,2.3856652664267926,-15.039786859078571,1.7472554816226882,1.6996742529818976,1.4617596686066958
0,0,100,85,0.2136087123304322,0.2058989768952483,0.20603832426362667,0.20601129214796626,0.20598421250805618,7.215819739661455,-14.711482845798457,1.7343815500523814,1.6864455310036675,1.4502315849943082
0,0,100,90,0.20749702455622565,0.19962327786883363,0.19972634094951364,0.19958349598990285,0.19958968274902514,5.397000954992947,-14.8372732466233,1.6292019993203979,1.4906881924434436,-2.586459594143644
